{

	
	"data":[
		{
			"id":1,
			"maximg":"img/1.jpg",
			"minimg":["img1.jpg","img2.jpg","img3.jpg"],
			"price":"￥899.00",
			"title":"小辣椒 红辣椒7X 全面屏4GB+64GB 蓝色 移动联通电信4G吃鸡手机 美颜双摄 双卡",
			"numpj":"6500",
			"shope":"小辣椒手机京东自营官方旗舰店",
			"details":{
				"img":["img1.jpg","img2.jpg","img3.jpg"],
				"peisong":"河北石家庄市辛集市辛集镇 有货支持由 京东 发货, 并提供售后服务. 20:00前下单,预计明天(02月28日)送达",
				"cuxiao":" 满19元即赠热销商品，赠完即止 详情 >>"
			}
		},
		{
			"id":2,
			"maximg":"img/1.jpg",
			"minimg":["img1.jpg","img2.jpg","img3.jpg"],
			"price":"￥899.00",
			"title":"小辣椒 红辣椒7X 全面屏4GB+64GB 蓝色 移动联通电信4G吃鸡手机 美颜双摄 双卡",
			"numpj":"6500",
			"shope":"小辣椒手机京东自营官方旗舰店",
			"details":{
				"img":["img1.jpg","img2.jpg","img3.jpg"],
				"peisong":"河北石家庄市辛集市辛集镇 有货支持由 京东 发货, 并提供售后服务. 20:00前下单,预计明天(02月28日)送达",
				"cuxiao":" 满19元即赠热销商品，赠完即止 详情 >>"
			}
		},
		{
			"id":3,
			"maximg":"img/1.jpg",
			"minimg":["img1.jpg","img2.jpg","img3.jpg"],
			"price":"￥899.00",
			"title":"小辣椒 红辣椒7X 全面屏4GB+64GB 蓝色 移动联通电信4G吃鸡手机 美颜双摄 双卡",
			"numpj":"6500",
			"shope":"小辣椒手机京东自营官方旗舰店",
			"details":{
				"img":["img1.jpg","img2.jpg","img3.jpg"],
				"peisong":"河北石家庄市辛集市辛集镇 有货支持由 京东 发货, 并提供售后服务. 20:00前下单,预计明天(02月28日)送达",
				"cuxiao":" 满19元即赠热销商品，赠完即止 详情 >>"
			}
		}
	]
}



