[
	{
		"id": "01",
		"title": "面包",
		"price": "￥6",
		"imgres": "img/1.jpg"
	}, {
		"id": "02",
		"title": "酸奶",
		"price": "￥35",
		"imgres": "img/2.jpg"
	},
	{
		"id": "03",
		"title": "橙子",
		"price": "￥6",
		"imgres": "img/3.jpg"
	}, {
		"id": "04",
		"title": "海之蓝",
		"price": "￥35",
		"imgres": "img/4.jpg"
	},{
		"id": "05",
		"title": "腰果",
		"price": "￥16",
		"imgres": "img/5.jpg"
	}, {
		"id": "06",
		"title": "纯牛奶",
		"price": "￥45",
		"imgres": "img/6.jpg"
	},{
		"id": "07",
		"title": "大虾",
		"price": "￥26",
		"imgres": "img/7.jpg"
	}, {
		"id": "08",
		"title": "猕猴桃",
		"price": "￥15",
		"imgres": "img/8.jpg"
	},{
		"id": "09",
		"title": "牛奶",
		"price": "￥66",
		"imgres": "img/9.jpg"
	}, {
		"id": "10",
		"title": "酸奶",
		"price": "￥35",
		"imgres": "img/10.jpg"
	},{
		"id": "11",
		"title": "酸奶",
		"price": "￥6",
		"imgres": "img/11.jpg"
	}, {
		"id": "12",
		"title": "剑南春",
		"price": "￥35",
		"imgres": "img/12.jpg"
	},{
		"id": "13",
		"title": "饼干",
		"price": "￥6",
		"imgres": "img/13.jpg"
	}, {
		"id": "14",
		"title": "火龙果",
		"price": "￥25",
		"imgres": "img/14.jpg"
	},{
		"id": "15",
		"title": "方便面",
		"price": "￥16",
		"imgres": "img/15.jpg"
	}, {
		"id": "16",
		"title": "小龙虾",
		"price": "￥25",
		"imgres": "img/16.jpg"
	},{
		"id": "17",
		"title": "面包",
		"price": "￥6",
		"imgres": "img/17.jpg"
	}, {
		"id": "18",
		"title": "酸奶",
		"price": "￥35",
		"imgres": "img/18.jpg"
	},{
		"id": "19",
		"title": "面包",
		"price": "￥6",
		"imgres": "img/19.jpg"
	}, {
		"id": "20",
		"title": "酸奶",
		"price": "￥35",
		"imgres": "img/20.jpg"
	},{
		"id": "21",
		"title": "面包",
		"price": "￥6",
		"imgres": "img/21.jpg"
	}, {
		"id": "22",
		"title": "酸奶",
		"price": "￥35",
		"imgres": "img/22.jpg"
	},{
		"id": "23",
		"title": "面包",
		"price": "￥6",
		"imgres": "img/23.jpg"
	}, {
		"id": "24",
		"title": "酸奶",
		"price": "￥35",
		"imgres": "img/24.jpg"
	},{
		"id": "25",
		"title": "面包",
		"price": "￥6",
		"imgres": "img/25.jpg"
	}, {
		"id": "26",
		"title": "酸奶",
		"price": "￥35",
		"imgres": "img/26.jpg"
	},{
		"id": "27",
		"title": "面包",
		"price": "￥6",
		"imgres": "img/27.jpg"
	}, {
		"id": "28",
		"title": "酸奶",
		"price": "￥35",
		"imgres": "img/28.jpg"
	},{
		"id": "29",
		"title": "面包",
		"price": "￥6",
		"imgres": "img/29.jpg"
	}, {
		"id": "30",
		"title": "酸奶",
		"price": "￥35",
		"imgres": "img/30.jpg"
	},{
		"id": "31",
		"title": "面包",
		"price": "￥6",
		"imgres": "img/31.jpg"
	}, {
		"id": "32",
		"title": "酸奶",
		"price": "￥35",
		"imgres": "img/32.jpg"
	},{
		"id": "33",
		"title": "面包",
		"price": "￥6",
		"imgres": "img/33.jpg"
	}, {
		"id": "34",
		"title": "酸奶",
		"price": "￥35",
		"imgres": "img/34.jpg"
	},{
		"id": "35",
		"title": "面包",
		"price": "￥6",
		"imgres": "img/35.jpg"
	}
]
