[
	{
		"id":1,
		"img":"https://img10.360buyimg.com/n7/jfs/t8161/224/1169699991/177635/eb2192c2/59b64641N088dd6ad.jpg",
		"price":"2099.00",
		"name":"￥2099.00小米Note3 美颜双摄拍照手机 6GB+64GB 黑色 全网通4G手机 双卡双待 1600万美颜"
	},
	{
		"id":2,
		"img":"https://img10.360buyimg.com/n7/jfs/t8161/224/1169699991/177635/eb2192c2/59b64641N088dd6ad.jpg",
		"price":"￥2899.00",
		"name":"小米MIX2 全面屏游戏手机 6GB+64GB 黑色 全网通4G手机 双卡双待"
	},
	{
		"id":3,
		"img":"https://img10.360buyimg.com/n7/jfs/t8161/224/1169699991/177635/eb2192c2/59b64641N088dd6ad.jpg",
		"price":"￥3299.00",
		"name":"￥3299.00小米MIX2S 全面屏游戏手机 6GB+128GB 白色 全网通4G 陶瓷手机 搭载高通骁龙"
	}
]