[[
{
"id":1,
"img":"images/tu/img44901417141751.jpg",
"ta":"福摩狗粮",
"tb":"搭配均衡 调理肠胃"
},
{
"id":1,
"img":"images/tu/img20681417141743.jpg",
"ta":"福摩狗粮",
"tb":"搭配均衡 调理肠胃"
},
{
"id":1,
"img":"images/tu/img20681417141743.jpg",
"ta":"福摩狗粮",
"tb":"搭配均衡 调理肠胃"
},
{
"id":1,
"img":"images/tu/img20681417141743.jpg",
"ta":"福摩狗粮",
"tb":"搭配均衡 调理肠胃"
}
],
[{
"id":1,
"img":"images/tu/img5490567a038fd02a2.jpg",
"ta":"狗狗洗护",
"tb":"专业洗护，让您的爱宠更加洁净可爱~"
},
{
"id":1,
"img":"images/tu/img5490567a038fd02a2.jpg",
"ta":"狗狗洗护",
"tb":"专业洗护，让您的爱宠更加洁净可爱~"
},
{
"id":1,
"img":"images/tu/img5490567a038fd02a2.jpg",
"ta":"狗狗洗护",
"tb":"专业洗护，让您的爱宠更加洁净可爱~"
}
],[
{"id":1,
"ta":"狗狗",
"tb":"images/tu/img950258cb90bb0de79.jpg",
"tc":"images/tu/img812557986447e6c2c.jpg",
"td":"images/tu/img13545a13bf06d91e3.jpg",
"te":"images/tu/img950258cb90bb0de79.jpg",
"tf":"狗狗用品 »",
"tg":"福摩狗粮",
"th":"搭配均衡 调理肠胃",
"ti":"images/tu/img44901417141751.jpg",
"tj":"福摩狗粮",
"tk":"搭配均衡 调理肠胃",
"tl":"images/tu/img44901417141751.jpg",
"tm":"福摩狗粮",
"tn":"搭配均衡 调理肠胃",
"to":"images/tu/img44901417141751.jpg",
"tp":"福摩狗粮",
"tq":"搭配均衡 调理肠胃",
"tr":"images/tu/img44901417141751.jpg",
"ts":"狗狗用品 »",
"tt":"images/tu/img5490567a038fd02a2.jpg",
"tu":"狗狗洗护",
"tv":"专业洗护，让您的爱宠更加洁净可爱~",
"tw":"images/tu/img5490567a038fd02a2.jpg",
"tx":"狗狗洗护",
"tz":"专业洗护，让您的爱宠更加洁净可爱~",
"ty":"images/tu/img5490567a038fd02a2.jpg",
"qa":"狗狗洗护",
"qb":"专业洗护，让您的爱宠更加洁净可爱~",
"qc":"狗狗论坛 »",
"qd":"images/tu/avatar1368428070_b.jpg",
"qe":"这只比特有点萌，看见好吃的就变这样",
"qf":"美国比特犬作为世界第一猛犬，长相凶狠，攻击力强，凶残好斗！其实，比特犬也能萌萌哒，下面这只来自美国的比特犬Diesel就非常的可爱。",
"qg":"images/tu/avatar1368428070_b.jpg",
"qh":"这只比特有点萌，看见好吃的就变这样",
"qi":"美国比特犬作为世界第一猛犬，长相凶狠，攻击力强，凶残好斗！其实，比特犬也能萌萌哒，下面这只来自美国的比特犬Diesel就非常的可爱。",
"qk":"狗狗百科 »",
"ql":"威尔士柯基容易长胖怎么办？",
"qm":"喜欢柯基实在有太多理由了，小短腿，萌；大屁股，萌；有笑眼，萌；实在有太多的理由去养一只柯基犬了。",
"qn":"images/tu/imagick15841468400084_s.jpg",
"qo":"威尔士柯基容易长胖怎么办？",
"qp":"喜欢柯基实在有太多理由了，小短腿，萌；大屁股，萌；有笑眼，萌；实在有太多的理由去养一只柯基犬了。",
"qq":"images/tu/imagick15841468400084_s.jpg",
"qr":"威尔士柯基容易长胖怎么办？",
"qs":"喜欢柯基实在有太多理由了，小短腿，萌；大屁股，萌；有笑眼，萌；实在有太多的理由去养一只柯基犬了。",
"qt":"images/tu/imagick15841468400084_s.jpg",
"qu":"威尔士柯基容易长胖怎么办？",
"qv":"喜欢柯基实在有太多理由了，小短腿，萌；大屁股，萌；有笑眼，萌；实在有太多的理由去养一只柯基犬了。",
"qw":"images/tu/imagick15841468400084_s.jpg",
"qx":"狗狗品种大全",
"qy":"狗狗的籍贯、体型、寿命...",
"qz":"狗狗"
},
{"id":2,
"ta":"狗狗",
"tb":"images/tu/img950258cb90bb0de79.jpg",
"tc":"images/tu/img812557986447e6c2c.jpg",
"td":"images/tu/img13545a13bf06d91e3.jpg",
"te":"images/tu/img950258cb90bb0de79.jpg",
"tf":"狗狗用品 »",
"tg":"福摩狗粮",
"th":"搭配均衡 调理肠胃",
"ti":"images/tu/img44901417141751.jpg",
"tj":"福摩狗粮",
"tk":"搭配均衡 调理肠胃",
"tl":"images/tu/img44901417141751.jpg",
"tm":"福摩狗粮",
"tn":"搭配均衡 调理肠胃",
"to":"images/tu/img44901417141751.jpg",
"tp":"福摩狗粮",
"tq":"搭配均衡 调理肠胃",
"tr":"images/tu/img44901417141751.jpg",
"ts":"狗狗用品 »",
"tt":"images/tu/img5490567a038fd02a2.jpg",
"tu":"狗狗洗护",
"tv":"专业洗护，让您的爱宠更加洁净可爱~",
"tw":"images/tu/img5490567a038fd02a2.jpg",
"tx":"狗狗洗护",
"tz":"专业洗护，让您的爱宠更加洁净可爱~",
"ty":"images/tu/img5490567a038fd02a2.jpg",
"qa":"狗狗洗护",
"qb":"专业洗护，让您的爱宠更加洁净可爱~",
"qc":"狗狗论坛 »",
"qd":"images/tu/avatar1368428070_b.jpg",
"qe":"这只比特有点萌，看见好吃的就变这样",
"qf":"美国比特犬作为世界第一猛犬，长相凶狠，攻击力强，凶残好斗！其实，比特犬也能萌萌哒，下面这只来自美国的比特犬Diesel就非常的可爱。",
"qg":"images/tu/avatar1368428070_b.jpg",
"qh":"这只比特有点萌，看见好吃的就变这样",
"qi":"美国比特犬作为世界第一猛犬，长相凶狠，攻击力强，凶残好斗！其实，比特犬也能萌萌哒，下面这只来自美国的比特犬Diesel就非常的可爱。",
"qk":"狗狗百科 »",
"ql":"威尔士柯基容易长胖怎么办？",
"qm":"喜欢柯基实在有太多理由了，小短腿，萌；大屁股，萌；有笑眼，萌；实在有太多的理由去养一只柯基犬了。",
"qn":"images/tu/imagick15841468400084_s.jpg",
"qo":"威尔士柯基容易长胖怎么办？",
"qp":"喜欢柯基实在有太多理由了，小短腿，萌；大屁股，萌；有笑眼，萌；实在有太多的理由去养一只柯基犬了。",
"qq":"images/tu/imagick15841468400084_s.jpg",
"qr":"威尔士柯基容易长胖怎么办？",
"qs":"喜欢柯基实在有太多理由了，小短腿，萌；大屁股，萌；有笑眼，萌；实在有太多的理由去养一只柯基犬了。",
"qt":"images/tu/imagick15841468400084_s.jpg",
"qu":"威尔士柯基容易长胖怎么办？",
"qv":"喜欢柯基实在有太多理由了，小短腿，萌；大屁股，萌；有笑眼，萌；实在有太多的理由去养一只柯基犬了。",
"qw":"images/tu/imagick15841468400084_s.jpg",
"qx":"狗狗品种大全",
"qy":"狗狗的籍贯、体型、寿命...",
"qz":"狗狗"
}
]
]






